<beans:beans xmlns="http://www.springframework.org/schema/security"
             xmlns:beans="http://www.springframework.org/schema/beans"
             xmlns:xsi="http://www.w3.org/2001/XMLSchema-instance"
             xsi:schemaLocation="http://www.springframework.org/schema/beans
    http://www.springframework.org/schema/beans/spring-beans.xsd
    http://www.springframework.org/schema/security
    http://www.springframework.org/schema/security/spring-security.xsd">

    <beans:import resource="ApplicationContext.xml"/>

    <http auto-config="true" use-expressions="true">
        <access-denied-handler error-page="/403" />

        <intercept-url pattern="/admin" access="hasRole('ROLE_ADMIN')"/>
        <intercept-url pattern="/teacher" access="hasRole('ROLE_TEACHER') or hasRole('ROLE_ADMIN')"/>
        <intercept-url pattern="/student" access="hasRole('ROLE_STUDENT') or hasRole('ROLE_ADMIN')"/>
        <intercept-url pattern="/buyBook/{bookid}" access="hasRole('ROLE_CUSTOMER')"></intercept-url>
        <form-login
                login-page="/login"
                default-target-url="/"
                authentication-failure-url="/login?error"
                username-parameter="username"
                password-parameter="password"/>
               <!-- authentication-failure-forward-url="/denied" authentication-success-handler-ref="successHandler"/>-->
        <logout logout-success-url="/login?logout"/>
        <!-- enable csrf protection -->
        <csrf/>
    </http>
    <!--<beans:bean id="successHandler" class="com.successHandler.SuccessHandler"/>-->
    <beans:bean id="passwordEncoder" class="org.springframework.security.crypto.password.NoOpPasswordEncoder"/>

    <authentication-manager>
        <authentication-provider>

            <jdbc-user-service data-source-ref="datasource"
                               users-by-username-query="SELECT  username,password,1 FROM RegistrationDto WHERE username=?"
                               authorities-by-username-query="SELECT  username,role FROM RegistrationDto WHERE username=?"/>
        </authentication-provider>
    </authentication-manager>
</beans:beans>