<beans:beans xmlns="http://www.springframework.org/schema/security"
             xmlns:beans="http://www.springframework.org/schema/beans"
             xmlns:xsi="http://www.w3.org/2001/XMLSchema-instance"
             xsi:schemaLocation="http://www.springframework.org/schema/beans
    http://www.springframework.org/schema/beans/spring-beans.xsd
    http://www.springframework.org/schema/security
    http://www.springframework.org/schema/security/spring-security.xsd">

    <beans:import resource="ApplicationContext.xml"/>

    <http auto-config="true" use-expressions="true">
        <intercept-url pattern="/buyBook/{bookId}" access="hasRole('ROLE_CUSTOMER')"/>
        <intercept-url pattern="/profile/{emailId}" access="hasRole('ROLE_CUSTOMER')"/>
        <intercept-url pattern="/orderPlaced/{bookId}" access="hasRole('ROLE_CUSTOMER')"/>
        <intercept-url pattern="/editCustomer/{email}" access="hasRole('ROLE_CUSTOMER')"/>
        <intercept-url pattern="/saveUpdate" access="hasRole('ROLE_CUSTOMER')"/>
        <intercept-url pattern="/sellerPortal" access="hasRole('ROLE_CUSTOMER')"/>
        <intercept-url pattern="/addBook" access="hasRole('ROLE_CUSTOMER')"/>
        <intercept-url pattern="/clientBookObject" access="hasRole('ROLE_CUSTOMER')"/>
        <intercept-url pattern="/listOfBook/{sellerName}" access="hasRole('ROLE_CUSTOMER')"/>
        <intercept-url pattern="/deleteSellerBook/{bookId}" access="hasRole('ROLE_CUSTOMER')"/>
        <intercept-url pattern="/updateSellerBook/{bookId}" access="hasRole('ROLE_CUSTOMER')"/>
        <intercept-url pattern="/updatedClientBook" access="hasRole('ROLE_CUSTOMER')"/>
        <form-login
                login-page="/login"
                authentication-failure-url="/login?error"
                username-parameter="username"
                password-parameter="password"
                authentication-failure-forward-url="/denied"/>
        <logout logout-success-url="/login?logout"/>

        <csrf/>
    </http>
    <!--<beans:bean id="successHandler" class="com.spiderBookStall.SuccessHandler.SuccessHandler"/>-->
    <beans:bean id="passwordEncoder" class="org.springframework.security.crypto.password.NoOpPasswordEncoder"/>

    <authentication-manager>
        <authentication-provider>

            <jdbc-user-service data-source-ref="datasource"
                               users-by-username-query="SELECT  email,password,1 FROM customerregistration WHERE email=?"
                               authorities-by-username-query="SELECT  email,role FROM customerregistration WHERE email=?"/>
        </authentication-provider>
    </authentication-manager>
</beans:beans>